{"cameraMode":{"drawMode":0,"name":"Shaded","section":"Shading Mode"},"sceneLighting":true,"audioPlay":false,"sceneViewState":{"m_AlwaysRefresh":false,"showFog":true,"showSkybox":true,"showFlares":true,"showImageEffects":true,"showParticleSystems":true,"showVisualEffectGraphs":true,"m_FxEnabled":true},"in2DMode":false,"pivot":{"x":485.57684326171877,"y":223.48855590820313,"z":7.2716827392578129},"rotation":{"x":-0.010308073833584786,"y":-0.9845694899559021,"z":0.16333459317684174,"w":-0.062112968415021899},"size":444.4954528808594,"orthographic":true}