{"cameraMode":{"drawMode":0,"name":"Shaded","section":"Shading Mode"},"sceneLighting":true,"audioPlay":false,"sceneViewState":{"m_AlwaysRefresh":false,"showFog":true,"showSkybox":true,"showFlares":true,"showImageEffects":true,"showParticleSystems":true,"showVisualEffectGraphs":true,"m_FxEnabled":true},"in2DMode":false,"pivot":{"x":157.15997314453126,"y":323.05999755859377,"z":-24.8900203704834},"rotation":{"x":-0.010308073833584786,"y":-0.9845694899559021,"z":0.16333459317684174,"w":-0.062112968415021899},"size":230.44190979003907,"orthographic":true}